{"v":"5.3.4","fr":59.9400024414062,"ip":0,"op":120.0000048877,"w":1200,"h":1200,"nm":"copy","ddd":0,"assets":[],"layers":[{"ddd":0,"ind":1,"ty":4,"nm":"copy Outlines","sr":1,"ks":{"o":{"a":0,"k":100,"ix":11},"r":{"a":0,"k":0,"ix":10},"p":{"a":0,"k":[600,600,0],"ix":2},"a":{"a":0,"k":[256,256,0],"ix":1},"s":{"a":0,"k":[100,100,100],"ix":6}},"ao":0,"shapes":[{"ty":"gr","it":[{"ind":0,"ty":"sh","ix":1,"ks":{"a":1,"k":[{"i":{"x":0.833,"y":0.833},"o":{"x":0.167,"y":0.167},"n":"0p833_0p833_0p167_0p167","t":46.668,"s":[{"i":[[11.048,0],[0,0],[0,-11.048],[-11.048,0],[0,0],[0,11.048]],"o":[[0,0],[-11.048,0],[0,11.048],[0,0],[11.048,0],[0,-11.048]],"v":[[-28.995,-20],[-30.504,-20.003],[-50.507,0],[-30.504,20.003],[-28.995,20.006],[-8.992,0.003]],"c":true}],"e":[{"i":[[11.048,0],[0,0],[0,-11.048],[-11.048,0],[0,0],[0,11.048]],"o":[[0,0],[-11.048,0],[0,11.048],[0,0],[11.048,0],[0,-11.048]],"v":[[30.505,-20.003],[-30.504,-20.003],[-50.507,0],[-30.504,20.003],[30.505,20.003],[50.508,0]],"c":true}]},{"t":60.0000024438501}],"ix":2},"nm":"Path 1","mn":"ADBE Vector Shape - Group","hd":false},{"ty":"fl","c":{"a":0,"k":[0.109803922474,0.109803922474,0.109803922474,1],"ix":4},"o":{"a":0,"k":100,"ix":5},"r":1,"nm":"Fill 1","mn":"ADBE Vector Graphic - Fill","hd":false},{"ty":"tr","p":{"a":0,"k":[255.499,288.042],"ix":2},"a":{"a":0,"k":[0,0],"ix":1},"s":{"a":0,"k":[100,100],"ix":3},"r":{"a":0,"k":0,"ix":6},"o":{"a":1,"k":[{"i":{"x":[0.833],"y":[0.833]},"o":{"x":[0.167],"y":[0.167]},"n":["0p833_0p833_0p167_0p167"],"t":44,"s":[3],"e":[100]},{"t":46.6675019008062}],"ix":7},"sk":{"a":0,"k":0,"ix":4},"sa":{"a":0,"k":0,"ix":5},"nm":"Transform"}],"nm":"dash-3","np":2,"cix":2,"ix":1,"mn":"ADBE Vector Group","hd":false},{"ty":"gr","it":[{"ind":0,"ty":"sh","ix":1,"ks":{"a":1,"k":[{"i":{"x":0.833,"y":0.833},"o":{"x":0.167,"y":0.167},"n":"0p833_0p833_0p167_0p167","t":33.333,"s":[{"i":[[11.048,0],[0,0],[0,-11.048],[-11.048,0],[0,0],[0,11.048]],"o":[[0,0],[-11.048,0],[0,11.048],[0,0],[11.047,0],[0,-11.048]],"v":[[-69.545,-20],[-70.955,-20.003],[-90.958,0],[-70.955,20.003],[-69.545,20.006],[-49.542,0.003]],"c":true}],"e":[{"i":[[11.048,0],[0,0],[0,-11.048],[-11.048,0],[0,0],[0,11.048]],"o":[[0,0],[-11.048,0],[0,11.048],[0,0],[11.047,0],[0,-11.048]],"v":[[70.955,-20.003],[-70.955,-20.003],[-90.958,0],[-70.955,20.003],[70.955,20.003],[90.958,0]],"c":true}]},{"t":46.6675019008062}],"ix":2},"nm":"Path 1","mn":"ADBE Vector Shape - Group","hd":false},{"ty":"fl","c":{"a":0,"k":[0.109803922474,0.109803922474,0.109803922474,1],"ix":4},"o":{"a":0,"k":100,"ix":5},"r":1,"nm":"Fill 1","mn":"ADBE Vector Graphic - Fill","hd":false},{"ty":"tr","p":{"a":0,"k":[295.95,208.03],"ix":2},"a":{"a":0,"k":[0,0],"ix":1},"s":{"a":0,"k":[100,100],"ix":3},"r":{"a":0,"k":0,"ix":6},"o":{"a":1,"k":[{"i":{"x":[0.833],"y":[0.833]},"o":{"x":[0.167],"y":[0.167]},"n":["0p833_0p833_0p167_0p167"],"t":30.668,"s":[0],"e":[100]},{"t":33.3325013576606}],"ix":7},"sk":{"a":0,"k":0,"ix":4},"sa":{"a":0,"k":0,"ix":5},"nm":"Transform"}],"nm":"dash-2","np":2,"cix":2,"ix":2,"mn":"ADBE Vector Group","hd":false},{"ty":"gr","it":[{"ind":0,"ty":"sh","ix":1,"ks":{"a":1,"k":[{"i":{"x":0.833,"y":0.833},"o":{"x":0.167,"y":0.167},"n":"0p833_0p833_0p167_0p167","t":20,"s":[{"i":[[11.047,0],[0,0],[0,-11.048],[-11.048,0],[0,0],[0,11.048]],"o":[[0,0],[-11.048,0],[0,11.048],[0,0],[11.048,0],[0,-11.048]],"v":[[-70.045,-20.006],[-70.955,-20.003],[-90.958,0],[-70.955,20.003],[-70.045,20],[-50.042,-0.003]],"c":true}],"e":[{"i":[[11.047,0],[0,0],[0,-11.048],[-11.048,0],[0,0],[0,11.048]],"o":[[0,0],[-11.048,0],[0,11.048],[0,0],[11.048,0],[0,-11.048]],"v":[[70.955,-20.003],[-70.955,-20.003],[-90.958,0],[-70.955,20.003],[70.955,20.003],[90.958,0]],"c":true}]},{"t":33.3325013576606}],"ix":2},"nm":"Path 1","mn":"ADBE Vector Shape - Group","hd":false},{"ty":"fl","c":{"a":0,"k":[0.109803922474,0.109803922474,0.109803922474,1],"ix":4},"o":{"a":0,"k":100,"ix":5},"r":1,"nm":"Fill 1","mn":"ADBE Vector Graphic - Fill","hd":false},{"ty":"tr","p":{"a":0,"k":[295.95,128.019],"ix":2},"a":{"a":0,"k":[0,0],"ix":1},"s":{"a":0,"k":[100,100],"ix":3},"r":{"a":0,"k":0,"ix":6},"o":{"a":1,"k":[{"i":{"x":[0.833],"y":[0.833]},"o":{"x":[0.167],"y":[0.167]},"n":["0p833_0p833_0p167_0p167"],"t":19,"s":[0],"e":[100]},{"t":20.0000008146167}],"ix":7},"sk":{"a":0,"k":0,"ix":4},"sa":{"a":0,"k":0,"ix":5},"nm":"Transform"}],"nm":"dash-1","np":2,"cix":2,"ix":3,"mn":"ADBE Vector Group","hd":false},{"ty":"gr","it":[{"ty":"gr","it":[{"ind":0,"ty":"sh","ix":1,"ks":{"a":0,"k":{"i":[[0,0],[0,-22.059],[0,0],[22.052,0],[0,0],[0,22.059],[0,0],[-22.059,0]],"o":[[22.059,0],[0,0],[-0.012,22.049],[0,0],[-22.059,0],[0,0],[0,-22.059],[0,0]],"v":[[97.013,-176.021],[137.018,-136.015],[137.02,136.041],[97.013,176.025],[-97.013,176.025],[-137.019,136.019],[-137.019,-136.019],[-97.013,-176.025]],"c":true},"ix":2},"nm":"Path 1","mn":"ADBE Vector Shape - Group","hd":false},{"ty":"fl","c":{"a":0,"k":[1,1,1,1],"ix":4},"o":{"a":0,"k":100,"ix":5},"r":1,"nm":"Fill 1","mn":"ADBE Vector Graphic - Fill","hd":false},{"ty":"tr","p":{"a":0,"k":[300.809,216.153],"ix":2},"a":{"a":0,"k":[0,0],"ix":1},"s":{"a":0,"k":[100,100],"ix":3},"r":{"a":0,"k":0,"ix":6},"o":{"a":0,"k":100,"ix":7},"sk":{"a":0,"k":0,"ix":4},"sa":{"a":0,"k":0,"ix":5},"nm":"Transform"}],"nm":"copy-fill-2","np":2,"cix":2,"ix":1,"mn":"ADBE Vector Group","hd":false},{"ty":"gr","it":[{"ind":0,"ty":"sh","ix":1,"ks":{"a":0,"k":{"i":[[0,0],[0,-44.119],[0,0],[-44.119,0],[0,0],[0,44.119],[0,0],[0,0],[44.119,0]],"o":[[-44.118,0],[0,0],[0,44.118],[0,0],[44.118,0],[0,0],[0,0],[0,-44.118],[0,0]],"v":[[-97.014,-216.031],[-177.026,-136.019],[-177.026,136.02],[-97.014,216.031],[97.014,216.031],[177.026,136.02],[177.026,135.412],[177.026,-136.019],[97.014,-216.031]],"c":true},"ix":2},"nm":"Path 1","mn":"ADBE Vector Shape - Group","hd":false},{"ty":"fl","c":{"a":0,"k":[0.109803922474,0.109803922474,0.109803922474,1],"ix":4},"o":{"a":0,"k":100,"ix":5},"r":1,"nm":"Fill 1","mn":"ADBE Vector Graphic - Fill","hd":false},{"ty":"tr","p":{"a":0,"k":[300.808,216.155],"ix":2},"a":{"a":0,"k":[0,0],"ix":1},"s":{"a":0,"k":[100,100],"ix":3},"r":{"a":0,"k":0,"ix":6},"o":{"a":0,"k":100,"ix":7},"sk":{"a":0,"k":0,"ix":4},"sa":{"a":0,"k":0,"ix":5},"nm":"Transform"}],"nm":"copy-outline-1","np":2,"cix":2,"ix":2,"mn":"ADBE Vector Group","hd":false},{"ty":"tr","p":{"a":1,"k":[{"i":{"x":0.833,"y":0.833},"o":{"x":0.167,"y":0.167},"n":"0p833_0p833_0p167_0p167","t":0,"s":[220.808,296.155],"e":[300.808,216.155],"to":[13.3333330154419,-13.3333330154419],"ti":[-13.3333330154419,13.3333330154419]},{"t":20.0000008146167}],"ix":2},"a":{"a":0,"k":[300.808,216.155],"ix":1},"s":{"a":0,"k":[100,100],"ix":3},"r":{"a":0,"k":0,"ix":6},"o":{"a":1,"k":[{"i":{"x":[0.833],"y":[0.833]},"o":{"x":[0.167],"y":[0.167]},"n":["0p833_0p833_0p167_0p167"],"t":0,"s":[0],"e":[100]},{"t":20.0000008146167}],"ix":7},"sk":{"a":0,"k":0,"ix":4},"sa":{"a":0,"k":0,"ix":5},"nm":"Transform"}],"nm":"copy-2","np":2,"cix":2,"ix":4,"mn":"ADBE Vector Group","hd":false},{"ty":"gr","it":[{"ind":0,"ty":"sh","ix":1,"ks":{"a":0,"k":{"i":[[11.048,0],[0,0],[0,-11.048],[-11.048,0],[0,0],[0,11.048]],"o":[[0,0],[-11.048,0],[0,11.048],[0,0],[11.048,0],[0,-11.048]],"v":[[30.505,-20.003],[-30.504,-20.003],[-50.507,0],[-30.504,20.003],[30.505,20.003],[50.508,0]],"c":true},"ix":2},"nm":"Path 1","mn":"ADBE Vector Shape - Group","hd":false},{"ty":"fl","c":{"a":0,"k":[0.109803922474,0.109803922474,0.109803922474,1],"ix":4},"o":{"a":0,"k":100,"ix":5},"r":1,"nm":"Fill 1","mn":"ADBE Vector Graphic - Fill","hd":false},{"ty":"tr","p":{"a":0,"k":[183.499,360.042],"ix":2},"a":{"a":0,"k":[0,0],"ix":1},"s":{"a":0,"k":[100,100],"ix":3},"r":{"a":0,"k":0,"ix":6},"o":{"a":0,"k":100,"ix":7},"sk":{"a":0,"k":0,"ix":4},"sa":{"a":0,"k":0,"ix":5},"nm":"Transform"}],"nm":"dash-4","np":2,"cix":2,"ix":5,"mn":"ADBE Vector Group","hd":false},{"ty":"gr","it":[{"ind":0,"ty":"sh","ix":1,"ks":{"a":0,"k":{"i":[[11.048,0],[0,0],[0,-11.048],[-11.048,0],[0,0],[0,11.048]],"o":[[0,0],[-11.048,0],[0,11.048],[0,0],[11.047,0],[0,-11.048]],"v":[[70.955,-20.003],[-70.955,-20.003],[-90.958,0],[-70.955,20.003],[70.955,20.003],[90.958,0]],"c":true},"ix":2},"nm":"Path 1","mn":"ADBE Vector Shape - Group","hd":false},{"ty":"fl","c":{"a":0,"k":[0.109803922474,0.109803922474,0.109803922474,1],"ix":4},"o":{"a":0,"k":100,"ix":5},"r":1,"nm":"Fill 1","mn":"ADBE Vector Graphic - Fill","hd":false},{"ty":"tr","p":{"a":0,"k":[223.95,280.03],"ix":2},"a":{"a":0,"k":[0,0],"ix":1},"s":{"a":0,"k":[100,100],"ix":3},"r":{"a":0,"k":0,"ix":6},"o":{"a":0,"k":100,"ix":7},"sk":{"a":0,"k":0,"ix":4},"sa":{"a":0,"k":0,"ix":5},"nm":"Transform"}],"nm":"dash-5","np":2,"cix":2,"ix":6,"mn":"ADBE Vector Group","hd":false},{"ty":"gr","it":[{"ind":0,"ty":"sh","ix":1,"ks":{"a":0,"k":{"i":[[11.047,0],[0,0],[0,-11.048],[-11.048,0],[0,0],[0,11.048]],"o":[[0,0],[-11.048,0],[0,11.048],[0,0],[11.048,0],[0,-11.048]],"v":[[70.955,-20.003],[-70.955,-20.003],[-90.958,0],[-70.955,20.003],[70.955,20.003],[90.958,0]],"c":true},"ix":2},"nm":"Path 1","mn":"ADBE Vector Shape - Group","hd":false},{"ty":"fl","c":{"a":0,"k":[0.109803922474,0.109803922474,0.109803922474,1],"ix":4},"o":{"a":0,"k":100,"ix":5},"r":1,"nm":"Fill 1","mn":"ADBE Vector Graphic - Fill","hd":false},{"ty":"tr","p":{"a":0,"k":[223.95,200.019],"ix":2},"a":{"a":0,"k":[0,0],"ix":1},"s":{"a":0,"k":[100,100],"ix":3},"r":{"a":0,"k":0,"ix":6},"o":{"a":0,"k":100,"ix":7},"sk":{"a":0,"k":0,"ix":4},"sa":{"a":0,"k":0,"ix":5},"nm":"Transform"}],"nm":"dash-6","np":2,"cix":2,"ix":7,"mn":"ADBE Vector Group","hd":false},{"ty":"gr","it":[{"ty":"gr","it":[{"ind":0,"ty":"sh","ix":1,"ks":{"a":0,"k":{"i":[[0,0],[0,-22.059],[0,0],[22.052,0],[0,0],[0,22.058],[0,0],[-22.059,0]],"o":[[22.06,0],[0,0],[-0.012,22.049],[0,0],[-22.059,0],[0,0],[0,-22.059],[0,0]],"v":[[97.013,-176.021],[137.018,-136.015],[137.02,136.042],[97.013,176.026],[-97.013,176.026],[-137.019,136.021],[-137.019,-136.019],[-97.013,-176.025]],"c":true},"ix":2},"nm":"Path 1","mn":"ADBE Vector Shape - Group","hd":false},{"ty":"fl","c":{"a":0,"k":[1,1,1,1],"ix":4},"o":{"a":0,"k":100,"ix":5},"r":1,"nm":"Fill 1","mn":"ADBE Vector Graphic - Fill","hd":false},{"ty":"tr","p":{"a":0,"k":[220.994,295.967],"ix":2},"a":{"a":0,"k":[0,0],"ix":1},"s":{"a":0,"k":[100,100],"ix":3},"r":{"a":0,"k":0,"ix":6},"o":{"a":0,"k":100,"ix":7},"sk":{"a":0,"k":0,"ix":4},"sa":{"a":0,"k":0,"ix":5},"nm":"Transform"}],"nm":"copy-fill-1","np":2,"cix":2,"ix":1,"mn":"ADBE Vector Group","hd":false},{"ty":"gr","it":[{"ind":0,"ty":"sh","ix":1,"ks":{"a":0,"k":{"i":[[0,0],[0,-44.119],[0,0],[-44.119,0],[0,0],[0,44.119],[0,0],[0,0],[44.119,0]],"o":[[-44.118,0],[0,0],[0,44.118],[0,0],[44.118,0],[0,0],[0,0],[0,-44.118],[0,0]],"v":[[-97.014,-216.031],[-177.026,-136.019],[-177.026,136.02],[-97.014,216.032],[97.014,216.032],[177.026,136.02],[177.026,135.412],[177.026,-136.019],[97.014,-216.031]],"c":true},"ix":2},"nm":"Path 1","mn":"ADBE Vector Shape - Group","hd":false},{"ty":"fl","c":{"a":0,"k":[0.109803922474,0.109803922474,0.109803922474,1],"ix":4},"o":{"a":0,"k":100,"ix":5},"r":1,"nm":"Fill 1","mn":"ADBE Vector Graphic - Fill","hd":false},{"ty":"tr","p":{"a":0,"k":[220.994,295.969],"ix":2},"a":{"a":0,"k":[0,0],"ix":1},"s":{"a":0,"k":[100,100],"ix":3},"r":{"a":0,"k":0,"ix":6},"o":{"a":0,"k":100,"ix":7},"sk":{"a":0,"k":0,"ix":4},"sa":{"a":0,"k":0,"ix":5},"nm":"Transform"}],"nm":"copy-outline-1","np":4,"cix":2,"ix":2,"mn":"ADBE Vector Group","hd":false},{"ty":"tr","p":{"a":0,"k":[256,256],"ix":2},"a":{"a":0,"k":[256,256],"ix":1},"s":{"a":0,"k":[100,100],"ix":3},"r":{"a":0,"k":0,"ix":6},"o":{"a":0,"k":100,"ix":7},"sk":{"a":0,"k":0,"ix":4},"sa":{"a":0,"k":0,"ix":5},"nm":"Transform"}],"nm":"copy-1","np":2,"cix":2,"ix":8,"mn":"ADBE Vector Group","hd":false}],"ip":0,"op":120.0000048877,"st":0,"bm":0}],"markers":[]}